GrudgeUUID,RecipeID,RecipeName,OutputItemID,OutputQty,Tier,Category,SubCategory,Station,CraftTime,GoldCost,SuccessRate,RequiredLevel,Profession,Material1,Mat1Qty,Material2,Mat2Qty,Material3,Mat3Qty,Material4,Mat4Qty,Material5,Mat5Qty,UnlocksRecipe,Acquisition,Description
# ============================================================
# GRUDGE WARLORDS - MASTER RECIPES DATABASE
# Consolidated from: all_recipes.csv, COMPLETE_*_RECIPES.csv
# Generated: 2025-02-07 | Version: 3.0.0
# ============================================================

# SMELTING RECIPES (MINER)
RECP-20260207-SMT-0001,smelt-copper-ingot,Smelt Copper Ingot,copper-ingot,1,1,smelting,ingot,forge,5,50,100,1,Miner,copper-ore,3,coal,1,,,,,,,smelt-iron-ingot,skillTree,Smelt copper ore into an ingot
RECP-20260207-SMT-0002,smelt-iron-ingot,Smelt Iron Ingot,iron-ingot,1,2,smelting,ingot,forge,7,100,98,10,Miner,iron-ore,3,coal,2,,,,,,,smelt-steel-ingot,skillTree,Smelt iron ore into an ingot
RECP-20260207-SMT-0003,smelt-steel-ingot,Smelt Steel Ingot,steel-ingot,1,3,smelting,ingot,forge,10,200,95,20,Miner,steel-ore,3,coal,3,flux,1,,,,,smelt-mithril-ingot,skillTree,Smelt steel ore into an ingot
RECP-20260207-SMT-0004,smelt-mithril-ingot,Smelt Mithril Ingot,mithril-ingot,1,4,smelting,ingot,forge,14,400,92,35,Miner,mithril-ore,3,coal,4,flux,2,,,,,smelt-adamantine-ingot,skillTree,Smelt mithril ore into an ingot
RECP-20260207-SMT-0005,smelt-adamantine-ingot,Smelt Adamantine Ingot,adamantine-ingot,1,5,smelting,ingot,forge,20,800,88,50,Miner,adamantine-ore,3,coal,5,flux,3,,,,,smelt-orichalcum-ingot,skillTree,Smelt adamantine ore into an ingot
RECP-20260207-SMT-0006,smelt-orichalcum-ingot,Smelt Orichalcum Ingot,orichalcum-ingot,1,6,smelting,ingot,master-forge,30,1600,82,65,Miner,orichalcum-ore,3,coal,6,flux,4,minor-essence,1,,,smelt-starmetal-ingot,skillTree,Smelt orichalcum ore into an ingot
RECP-20260207-SMT-0007,smelt-starmetal-ingot,Smelt Starmetal Ingot,starmetal-ingot,1,7,smelting,ingot,master-forge,45,3200,75,80,Miner,starmetal-ore,3,coal,8,flux,5,lesser-essence,1,,,smelt-divine-ingot,skillTree,Smelt starmetal ore into an ingot
RECP-20260207-SMT-0008,smelt-divine-ingot,Smelt Divine Ingot,divine-ingot,1,8,smelting,ingot,divine-forge,60,6400,70,95,Miner,divine-ore,3,coal,10,flux,6,divine-essence,1,,,None,dropOnly,Smelt divine ore into a godly ingot

# WOODWORKING RECIPES (FORESTER)
RECP-20260207-WDW-0001,saw-pine-plank,Saw Pine Plank,pine-plank,2,1,woodworking,plank,sawmill,4,40,100,1,Forester,pine-log,2,,,,,,,,,saw-oak-plank,skillTree,Process pine log into planks
RECP-20260207-WDW-0002,saw-oak-plank,Saw Oak Plank,oak-plank,2,2,woodworking,plank,sawmill,6,80,98,10,Forester,oak-log,2,,,,,,,,,saw-maple-plank,skillTree,Process oak log into planks
RECP-20260207-WDW-0003,saw-maple-plank,Saw Maple Plank,maple-plank,2,3,woodworking,plank,sawmill,8,160,95,20,Forester,maple-log,2,,,,,,,,,saw-ash-plank,skillTree,Process maple log into planks
RECP-20260207-WDW-0004,saw-ash-plank,Saw Ash Plank,ash-plank,2,4,woodworking,plank,sawmill,11,320,92,35,Forester,ash-log,2,,,,,,,,,saw-ironwood-plank,skillTree,Process ash log into planks
RECP-20260207-WDW-0005,saw-ironwood-plank,Saw Ironwood Plank,ironwood-plank,2,5,woodworking,plank,sawmill,16,640,88,50,Forester,ironwood-log,2,,,,,,,,,saw-ebony-plank,skillTree,Process ironwood log into planks
RECP-20260207-WDW-0006,saw-ebony-plank,Saw Ebony Plank,ebony-plank,2,6,woodworking,plank,master-sawmill,24,1280,82,65,Forester,ebony-log,2,minor-essence,1,,,,,,saw-wyrmwood-plank,skillTree,Process ebony log into planks
RECP-20260207-WDW-0007,saw-wyrmwood-plank,Saw Wyrmwood Plank,wyrmwood-plank,2,7,woodworking,plank,master-sawmill,36,2560,75,80,Forester,wyrmwood-log,2,lesser-essence,1,,,,,,saw-worldtree-plank,skillTree,Process wyrmwood log into planks
RECP-20260207-WDW-0008,saw-worldtree-plank,Saw Worldtree Plank,worldtree-plank,2,8,woodworking,plank,divine-sawmill,54,5120,70,95,Forester,worldtree-log,2,divine-essence,1,,,,,,None,dropOnly,Process worldtree log into sacred planks

# LEATHERWORKING RECIPES (FORESTER)
RECP-20260207-LTH-0001,tan-rugged-leather,Tan Rugged Leather,rugged-leather,1,3,leatherworking,leather,tanning-rack,6,120,95,20,Forester,thick-hide,3,salt,2,,,,,,,tan-hardened-leather,skillTree,Tan thick hides into rugged leather
RECP-20260207-LTH-0002,tan-hardened-leather,Tan Hardened Leather,hardened-leather,1,4,leatherworking,leather,tanning-rack,9,240,92,35,Forester,rugged-leather,2,salt,3,minor-essence,1,,,,,tan-wyrm-leather,skillTree,Harden leather for better protection
RECP-20260207-LTH-0003,tan-wyrm-leather,Tan Wyrm Leather,wyrm-leather,1,5,leatherworking,leather,tanning-rack,14,480,88,50,Forester,hardened-leather,2,dragon-sinew,1,lesser-essence,1,,,,,tan-infernal-leather,skillTree,Process dragon scales into leather
RECP-20260207-LTH-0004,tan-infernal-leather,Tan Infernal Leather,infernal-leather,1,6,leatherworking,leather,master-tanning,21,960,82,65,Forester,wyrm-leather,2,demon-hide,1,greater-essence,1,,,,,tan-titan-leather,skillTree,Process demon hide into leather
RECP-20260207-LTH-0005,tan-titan-leather,Tan Titan Leather,titan-leather,1,7,leatherworking,leather,master-tanning,32,1920,75,80,Forester,infernal-leather,2,titan-hide,1,superior-essence,1,,,,,tan-divine-leather,skillTree,Process titan skin into leather
RECP-20260207-LTH-0006,tan-divine-leather,Tan Divine Leather,divine-leather,1,8,leatherworking,leather,divine-tanning,48,3840,70,95,Forester,titan-leather,2,divine-hide,1,divine-essence,1,,,,,None,dropOnly,Process divine hide into godly leather

# WEAVING RECIPES (MYSTIC)
RECP-20260207-WVE-0001,weave-linen-cloth,Weave Linen Cloth,linen-cloth,1,1,weaving,cloth,loom,4,40,100,1,Mystic,linen-thread,3,,,,,,,,,weave-wool-cloth,skillTree,Weave linen thread into cloth
RECP-20260207-WVE-0002,weave-wool-cloth,Weave Wool Cloth,wool-cloth,1,2,weaving,cloth,loom,6,80,98,10,Mystic,wool-thread,3,,,,,,,,,weave-cotton-cloth,skillTree,Weave wool thread into cloth
RECP-20260207-WVE-0003,weave-cotton-cloth,Weave Cotton Cloth,cotton-cloth,1,3,weaving,cloth,loom,8,160,95,20,Mystic,cotton-thread,3,,,,,,,,,weave-silk-cloth,skillTree,Weave cotton thread into cloth
RECP-20260207-WVE-0004,weave-silk-cloth,Weave Silk Cloth,silk-cloth,1,4,weaving,cloth,loom,11,320,92,35,Mystic,silk-thread,3,,,,,,,,,weave-moonweave-cloth,skillTree,Weave silk thread into cloth
RECP-20260207-WVE-0005,weave-moonweave-cloth,Weave Moonweave Cloth,moonweave-cloth,1,5,weaving,cloth,master-loom,16,640,88,50,Mystic,moonweave-thread,3,minor-essence,1,,,,,,weave-starweave-cloth,skillTree,Weave moonweave thread into cloth
RECP-20260207-WVE-0006,weave-starweave-cloth,Weave Starweave Cloth,starweave-cloth,1,6,weaving,cloth,master-loom,24,1280,82,65,Mystic,starweave-thread,3,lesser-essence,1,,,,,,weave-voidweave-cloth,skillTree,Weave starweave thread into cloth
RECP-20260207-WVE-0007,weave-voidweave-cloth,Weave Voidweave Cloth,voidweave-cloth,1,7,weaving,cloth,master-loom,36,2560,75,80,Mystic,voidweave-thread,3,greater-essence,1,,,,,,weave-divine-cloth,skillTree,Weave voidweave thread into cloth
RECP-20260207-WVE-0008,weave-divine-cloth,Weave Divine Cloth,divine-cloth,1,8,weaving,cloth,divine-loom,54,5120,70,95,Mystic,divine-thread,3,divine-essence,1,,,,,,None,dropOnly,Weave divine thread into godly cloth

# WEAPON RECIPES - SWORDS (MINER)
RECP-20260207-WPN-0001,craft-bloodfeud-blade,Craft Bloodfeud Blade,t1-sword-bloodfeud,1,1,weapon,sword,anvil,30,500,100,5,Miner,copper-ingot,5,pine-plank,2,string,1,,,,,craft-gorehowl,skillTree,Forge the Bloodfeud Blade
RECP-20260207-WPN-0002,craft-wraithfang,Craft Wraithfang,t1-sword-wraithfang,1,1,weapon,sword,anvil,35,600,100,5,Miner,copper-ingot,6,pine-plank,2,minor-essence,1,,,,,None,purchasable,Forge the Wraithfang blade
RECP-20260207-WPN-0003,craft-iron-sword,Craft Iron Sword,t2-sword-iron,1,2,weapon,sword,anvil,40,1000,98,15,Miner,iron-ingot,5,oak-plank,2,string,2,,,,,craft-steel-sword,skillTree,Forge a reliable iron sword
RECP-20260207-WPN-0004,craft-steel-sword,Craft Steel Sword,t3-sword-steel,1,3,weapon,sword,anvil,50,2000,95,25,Miner,steel-ingot,5,maple-plank,2,bowstring,1,,,,,craft-mithril-sword,skillTree,Forge a quality steel sword
RECP-20260207-WPN-0005,craft-mithril-sword,Craft Mithril Sword,t4-sword-mithril,1,4,weapon,sword,anvil,65,4000,92,40,Miner,mithril-ingot,5,ash-plank,2,fine-gem,1,,,,,craft-adamantine-sword,skillTree,Forge a lightweight mithril sword
RECP-20260207-WPN-0006,craft-adamantine-sword,Craft Adamantine Sword,t5-sword-adamantine,1,5,weapon,sword,master-anvil,85,8000,88,55,Miner,adamantine-ingot,5,ironwood-plank,2,pristine-gem,1,refined-essence,1,,,craft-orichalcum-sword,skillTree,Forge an indestructible adamantine sword
RECP-20260207-WPN-0007,craft-orichalcum-sword,Craft Orichalcum Sword,t6-sword-orichalcum,1,6,weapon,sword,master-anvil,110,16000,82,70,Miner,orichalcum-ingot,5,ebony-plank,2,flawless-gem,1,perfect-essence,1,,,craft-starmetal-sword,skillTree,Forge a legendary orichalcum sword
RECP-20260207-WPN-0008,craft-starmetal-sword,Craft Starmetal Sword,t7-sword-starmetal,1,7,weapon,sword,master-anvil,140,32000,75,85,Miner,starmetal-ingot,5,wyrmwood-plank,2,radiant-gem,1,ancient-essence,1,,,craft-divine-sword,dropOnly,Forge a celestial starmetal sword
RECP-20260207-WPN-0009,craft-divine-sword,Craft Divine Sword,t8-sword-divine,1,8,weapon,sword,divine-anvil,180,64000,70,95,Miner,divine-ingot,5,worldtree-plank,2,divine-gem,1,divine-essence,2,,,None,dropOnly,Forge a divine godly sword

# WEAPON RECIPES - AXES (MINER)
RECP-20260207-WPN-0011,craft-gorehowl,Craft Gorehowl,t1-axe-gorehowl,1,1,weapon,axe,anvil,35,600,100,5,Miner,copper-ingot,6,pine-plank,3,,,,,,craft-iron-axe,skillTree,Forge the Gorehowl axe

# WEAPON RECIPES - BOWS (FORESTER)
RECP-20260207-WPN-0021,craft-wraithbone-bow,Craft Wraithbone Bow,t1-bow-wraithbone,1,1,weapon,bow,woodworking-bench,35,500,100,5,Forester,pine-plank,5,string,3,minor-essence,1,,,,,craft-oak-bow,purchasable,Craft the Wraithbone Bow
RECP-20260207-WPN-0022,craft-oak-bow,Craft Oak Bow,t2-bow-oak,1,2,weapon,bow,woodworking-bench,40,1000,98,15,Forester,oak-plank,5,bowstring,2,rawhide,2,,,,,craft-maple-bow,skillTree,Craft a reliable oak bow
RECP-20260207-WPN-0023,craft-maple-bow,Craft Maple Bow,t3-bow-maple,1,3,weapon,bow,woodworking-bench,50,2000,95,25,Forester,maple-plank,5,bowstring,3,thick-hide,2,,,,,craft-ash-bow,skillTree,Craft a flexible maple bow
RECP-20260207-WPN-0024,craft-ash-bow,Craft Ash Bow,t4-bow-ash,1,4,weapon,bow,woodworking-bench,65,4000,92,40,Forester,ash-plank,5,bowstring,4,rugged-leather,2,fine-gem,1,,,craft-ironwood-bow,skillTree,Craft a resilient ash bow

# WEAPON RECIPES - STAVES (MYSTIC)
RECP-20260207-WPN-0031,craft-emberwrath-staff,Craft Emberwrath Staff,t1-staff-fire-emberwrath,1,1,weapon,staff,enchanting-table,40,500,100,5,Mystic,pine-plank,4,minor-essence,5,,,,,,craft-glacial-staff,purchasable,Craft the Emberwrath fire staff
RECP-20260207-WPN-0032,craft-glacial-staff,Craft Glacial Spire Staff,t1-staff-frost-glacial,1,1,weapon,staff,enchanting-table,40,500,100,5,Mystic,pine-plank,4,minor-essence,5,,,,,,craft-wool-staff,purchasable,Craft the Glacial Spire frost staff

# WEAPON RECIPES - CROSSBOWS & GUNS (ENGINEER)
RECP-20260207-WPN-0041,craft-ironveil-repeater,Craft Ironveil Repeater,t1-crossbow-ironveil,1,1,weapon,crossbow,workshop,40,500,100,5,Engineer,copper-ingot,5,pine-plank,4,string,2,,,,,craft-steel-crossbow,purchasable,Craft the Ironveil Repeater crossbow
RECP-20260207-WPN-0042,craft-blackpowder-blaster,Craft Blackpowder Blaster,t1-gun-blackpowder,1,1,weapon,gun,workshop,45,600,100,5,Engineer,copper-ingot,6,pine-plank,3,gunpowder,2,,,,,craft-iron-gun,purchasable,Craft the Blackpowder Blaster gun

# ARMOR RECIPES - PLATE (MINER)
RECP-20260207-ARM-0001,craft-copper-helm,Craft Copper Helm,copper-helm,1,1,armor,plate,anvil,20,100,100,1,Miner,copper-ingot,3,,,,,,,,,craft-copper-chestplate,skillTree,Forge a copper helm
RECP-20260207-ARM-0002,craft-copper-chestplate,Craft Copper Chestplate,copper-chestplate,1,1,armor,plate,anvil,30,150,100,1,Miner,copper-ingot,5,,,,,,,,,craft-copper-greaves,skillTree,Forge a copper chestplate
RECP-20260207-ARM-0003,craft-copper-greaves,Craft Copper Greaves,copper-greaves,1,1,armor,plate,anvil,20,100,100,1,Miner,copper-ingot,3,,,,,,,,,craft-copper-boots,skillTree,Forge copper greaves
RECP-20260207-ARM-0004,craft-copper-boots,Craft Copper Boots,copper-boots,1,1,armor,plate,anvil,15,80,100,1,Miner,copper-ingot,2,,,,,,,,,craft-copper-gauntlets,skillTree,Forge copper boots
RECP-20260207-ARM-0005,craft-copper-gauntlets,Craft Copper Gauntlets,copper-gauntlets,1,1,armor,plate,anvil,15,80,100,1,Miner,copper-ingot,2,,,,,,,,,craft-copper-pauldrons,skillTree,Forge copper gauntlets
RECP-20260207-ARM-0006,craft-copper-pauldrons,Craft Copper Pauldrons,copper-pauldrons,1,1,armor,plate,anvil,18,90,100,1,Miner,copper-ingot,3,,,,,,,,,craft-copper-shield,skillTree,Forge copper pauldrons
RECP-20260207-ARM-0007,craft-copper-shield,Craft Copper Shield,copper-shield,1,1,armor,shield,anvil,25,120,100,1,Miner,copper-ingot,4,pine-plank,1,,,,,,,craft-iron-helm,skillTree,Forge a copper shield

# ARMOR RECIPES - LEATHER (FORESTER)
RECP-20260207-ARM-0021,craft-leather-cap,Craft Leather Cap,leather-cap,1,1,armor,leather,leatherworking-bench,15,80,100,1,Forester,rawhide,3,string,1,,,,,,,craft-leather-vest,skillTree,Craft a leather cap
RECP-20260207-ARM-0022,craft-leather-vest,Craft Leather Vest,leather-vest,1,1,armor,leather,leatherworking-bench,25,120,100,1,Forester,rawhide,5,string,2,,,,,,,craft-thick-leather-cap,skillTree,Craft a leather vest

# ARMOR RECIPES - CLOTH (MYSTIC)
RECP-20260207-ARM-0041,craft-linen-hood,Craft Linen Hood,linen-hood,1,1,armor,cloth,loom,12,70,100,1,Mystic,linen-cloth,2,linen-thread,1,,,,,,,craft-linen-robe,skillTree,Craft a linen hood
RECP-20260207-ARM-0042,craft-linen-robe,Craft Linen Robe,linen-robe,1,1,armor,cloth,loom,20,100,100,1,Mystic,linen-cloth,4,linen-thread,2,,,,,,,craft-wool-hood,skillTree,Craft a linen robe

# FOOD RECIPES (CHEF)
RECP-20260207-FOD-0001,cook-roasted-scraps,Cook Roasted Scraps,roasted-scraps,1,0,food,basic,campfire,2,20,100,1,Chef,raw-scraps,2,wild-herb,1,,,,,,,cook-grilled-meat,skillTree,Cook basic roasted scraps
RECP-20260207-FOD-0002,cook-grilled-meat,Cook Grilled Meat,grilled-meat,1,1,food,basic,cooking-pot,3,50,100,1,Chef,raw-meat,2,common-herb,1,,,,,,,cook-meat-stew,skillTree,Cook basic grilled meat
RECP-20260207-FOD-0003,cook-meat-stew,Cook Meat Stew,meat-stew,1,2,food,standard,cooking-pot,4,100,98,10,Chef,quality-meat,2,quality-herb,1,salt,1,,,,,cook-prime-roast,skillTree,Cook hearty meat stew
RECP-20260207-FOD-0004,cook-prime-roast,Cook Prime Roast,prime-roast,1,3,food,quality,cooking-pot,5,200,95,20,Chef,prime-meat,2,rare-herb,1,salt,1,,,,,cook-exotic-feast,skillTree,Cook prime roast
RECP-20260207-FOD-0005,cook-exotic-feast,Cook Exotic Feast,exotic-feast,1,4,food,rare,cooking-pot,7,400,90,35,Chef,exotic-meat,2,exotic-herb,1,refined-salt,1,spice,1,,,cook-dragon-steak,skillTree,Cook exotic feast
RECP-20260207-FOD-0006,cook-dragon-steak,Cook Dragon Steak,dragon-steak,1,5,food,epic,cooking-pot,10,800,85,50,Chef,dragon-meat,2,mystic-herb,1,refined-salt,1,spice,2,,,cook-demon-roast,skillTree,Cook dragon steak
RECP-20260207-FOD-0007,cook-demon-roast,Cook Demon Roast,demon-roast,1,6,food,legendary,cooking-pot,15,1600,80,65,Chef,demon-meat,2,ancient-herb,1,refined-salt,2,spice,2,,,cook-titan-feast,skillTree,Cook demon roast
RECP-20260207-FOD-0008,cook-titan-feast,Cook Titan Feast,titan-feast,1,7,food,mythic,cooking-pot,22,3200,75,80,Chef,titan-meat,2,celestial-herb,1,refined-salt,2,spice,3,,,cook-divine-banquet,skillTree,Cook titan feast
RECP-20260207-FOD-0009,cook-divine-banquet,Cook Divine Banquet,divine-banquet,1,8,food,divine,divine-kitchen,33,6400,70,95,Chef,divine-meat,2,divine-herb,1,refined-salt,3,spice,3,divine-essence,1,None,dropOnly,Cook divine banquet blessed by gods

# POTION RECIPES - HEALTH (CHEF)
RECP-20260207-POT-0001,brew-minor-health-potion,Brew Minor Health Potion,minor-health-potion,1,1,potion,health,alchemy-station,4,100,100,1,Chef,common-herb,2,common-fish,1,water,1,,,,,brew-health-potion,skillTree,Brew basic health potion
RECP-20260207-POT-0002,brew-health-potion,Brew Health Potion,health-potion,1,2,potion,health,alchemy-station,6,200,98,10,Chef,quality-herb,2,salmon,1,water,1,,,,,brew-greater-health-potion,skillTree,Brew improved health potion
RECP-20260207-POT-0003,brew-greater-health-potion,Brew Greater Health Potion,greater-health-potion,1,3,potion,health,alchemy-station,8,400,95,20,Chef,rare-herb,2,trout,1,purified-water,1,,,,,brew-superior-health-potion,skillTree,Brew greater health potion
RECP-20260207-POT-0004,brew-superior-health-potion,Brew Superior Health Potion,superior-health-potion,1,4,potion,health,alchemy-station,10,800,90,35,Chef,exotic-herb,2,bass,1,purified-water,1,minor-essence,1,,,brew-pristine-health-potion,skillTree,Brew superior health potion
RECP-20260207-POT-0005,brew-pristine-health-potion,Brew Pristine Health Potion,pristine-health-potion,1,5,potion,health,alchemy-station,14,1600,85,50,Chef,mystic-herb,2,tuna,1,purified-water,2,lesser-essence,1,,,brew-radiant-health-potion,skillTree,Brew pristine health potion
RECP-20260207-POT-0006,brew-radiant-health-potion,Brew Radiant Health Potion,radiant-health-potion,1,6,potion,health,alchemy-station,21,3200,80,65,Chef,ancient-herb,2,swordfish,1,purified-water,2,greater-essence,1,,,brew-legendary-health-potion,skillTree,Brew radiant health potion
RECP-20260207-POT-0007,brew-legendary-health-potion,Brew Legendary Health Potion,legendary-health-potion,1,7,potion,health,alchemy-station,32,6400,75,80,Chef,celestial-herb,2,kraken-tentacle,1,purified-water,3,superior-essence,1,,,brew-divine-health-potion,dropOnly,Brew legendary health potion
RECP-20260207-POT-0008,brew-divine-health-potion,Brew Divine Health Potion,divine-health-potion,1,8,potion,health,divine-alchemy,48,12800,70,95,Chef,divine-herb,2,leviathan-scale,1,purified-water,3,divine-essence,2,,,None,dropOnly,Brew divine health potion blessed by gods

# POTION RECIPES - MANA (CHEF)
RECP-20260207-POT-0011,brew-minor-mana-potion,Brew Minor Mana Potion,minor-mana-potion,1,1,potion,mana,alchemy-station,4,100,100,1,Chef,common-herb,2,minor-essence,1,water,1,,,,,brew-mana-potion,skillTree,Brew basic mana potion
RECP-20260207-POT-0012,brew-mana-potion,Brew Mana Potion,mana-potion,1,2,potion,mana,alchemy-station,6,200,98,10,Chef,quality-herb,2,lesser-essence,1,water,1,,,,,brew-greater-mana-potion,skillTree,Brew improved mana potion
RECP-20260207-POT-0013,brew-greater-mana-potion,Brew Greater Mana Potion,greater-mana-potion,1,3,potion,mana,alchemy-station,8,400,95,20,Chef,rare-herb,2,essence,1,purified-water,1,,,,,brew-superior-mana-potion,skillTree,Brew greater mana potion
RECP-20260207-POT-0014,brew-superior-mana-potion,Brew Superior Mana Potion,superior-mana-potion,1,4,potion,mana,alchemy-station,10,800,90,35,Chef,exotic-herb,2,greater-essence,1,purified-water,1,,,,,brew-pristine-mana-potion,skillTree,Brew superior mana potion
RECP-20260207-POT-0015,brew-pristine-mana-potion,Brew Pristine Mana Potion,pristine-mana-potion,1,5,potion,mana,alchemy-station,14,1600,85,50,Chef,mystic-herb,2,superior-essence,1,purified-water,2,,,,,brew-radiant-mana-potion,skillTree,Brew pristine mana potion
RECP-20260207-POT-0016,brew-radiant-mana-potion,Brew Radiant Mana Potion,radiant-mana-potion,1,6,potion,mana,alchemy-station,21,3200,80,65,Chef,ancient-herb,2,pristine-essence,1,purified-water,2,,,,,brew-legendary-mana-potion,skillTree,Brew radiant mana potion
RECP-20260207-POT-0017,brew-legendary-mana-potion,Brew Legendary Mana Potion,legendary-mana-potion,1,7,potion,mana,alchemy-station,32,6400,75,80,Chef,celestial-herb,2,radiant-essence,1,purified-water,3,,,,,brew-divine-mana-potion,dropOnly,Brew legendary mana potion
RECP-20260207-POT-0018,brew-divine-mana-potion,Brew Divine Mana Potion,divine-mana-potion,1,8,potion,mana,divine-alchemy,48,12800,70,95,Chef,divine-herb,2,divine-essence,2,purified-water,3,,,,,None,dropOnly,Brew divine mana potion blessed by gods

# POTION RECIPES - BUFFS (CHEF)
RECP-20260207-POT-0021,brew-minor-strength-potion,Brew Minor Strength Potion,minor-strength-potion,1,1,potion,buff,alchemy-station,5,150,100,1,Chef,common-herb,2,raw-meat,1,minor-essence,1,,,,,brew-strength-potion,skillTree,Brew basic strength potion (+5% damage)
RECP-20260207-POT-0022,brew-minor-defense-potion,Brew Minor Defense Potion,minor-defense-potion,1,1,potion,buff,alchemy-station,5,150,100,1,Chef,common-herb,2,stone,2,minor-essence,1,,,,,brew-defense-potion,skillTree,Brew basic defense potion (+5% defense)
RECP-20260207-POT-0023,brew-minor-speed-potion,Brew Minor Speed Potion,minor-speed-potion,1,1,potion,buff,alchemy-station,5,150,100,1,Chef,common-herb,2,feather,2,minor-essence,1,,,,,brew-speed-potion,skillTree,Brew basic speed potion (+10% speed)
RECP-20260207-POT-0024,brew-minor-regen-potion,Brew Minor Regen Potion,minor-regen-potion,1,1,potion,buff,alchemy-station,5,150,100,1,Chef,common-herb,3,common-fish,1,minor-essence,1,,,,,brew-regen-potion,skillTree,Brew basic regen potion (5 HP/sec for 30s)

# DRINK RECIPES (CHEF)
RECP-20260207-DRK-0001,brew-water,Brew Water,water,1,0,drink,basic,campfire,1,10,100,1,Chef,wild-herb,1,,,,,,,,,brew-herbal-tea,skillTree,Brew basic water
RECP-20260207-DRK-0002,brew-herbal-tea,Brew Herbal Tea,herbal-tea,1,1,drink,basic,cooking-pot,2,30,100,1,Chef,common-herb,2,water,1,,,,,,,brew-fruit-juice,skillTree,Brew basic herbal tea
RECP-20260207-DRK-0003,brew-fruit-juice,Brew Fruit Juice,fruit-juice,1,2,drink,standard,cooking-pot,3,60,98,10,Chef,quality-herb,2,water,1,,,,,,,brew-energy-drink,skillTree,Brew refreshing fruit juice

# MOUNT RECIPES (FORESTER)
RECP-20260207-MNT-0001,craft-donkey,Craft Donkey,donkey,1,1,mount,ground,stable,60,500,100,10,Forester,rawhide,5,apple,3,,,,,,,craft-mule,purchasable,Tame and equip a donkey
RECP-20260207-MNT-0002,craft-mule,Craft Mule,mule,1,2,mount,ground,stable,90,1000,98,15,Forester,thick-hide,5,carrot,5,apple,3,,,,,craft-pony,purchasable,Tame and equip a mule
RECP-20260207-MNT-0003,craft-horse,Craft Horse,horse,1,2,mount,ground,stable,120,1500,95,20,Forester,thick-hide,5,carrot,5,honey,2,,,,,craft-war-horse,skillTree,Tame and equip a horse
RECP-20260207-MNT-0004,craft-war-horse,Craft War Horse,war-horse,1,3,mount,ground,stable,180,3000,90,30,Forester,rugged-leather,8,apple,10,steel-ingot,3,,,,,craft-destrier,skillTree,Tame and equip a war horse
RECP-20260207-MNT-0005,craft-griffon,Craft Griffon,griffon,1,5,mount,flying,master-stable,300,16000,80,50,Forester,wyrm-leather,10,hawk-feathers,15,adamantine-ingot,5,fine-gem,2,,,craft-wyvern,skillTree,Tame and equip a griffon
RECP-20260207-MNT-0006,craft-dragon,Craft Dragon,dragon,1,7,mount,flying,master-stable,600,80000,70,80,Forester,titan-leather,20,dragon-sinew,10,starmetal-ingot,8,radiant-gem,4,,,craft-divine-dragon,dropOnly,Tame and equip a true dragon

# MOUNT RECIPES (ENGINEER)
RECP-20260207-MNT-0011,craft-mechanical-horse,Craft Mechanical Horse,mechanical-horse,1,3,mount,mechanical,workshop,120,4000,95,25,Engineer,steel-ingot,10,steel-gear,5,spring,8,coal,20,,,craft-clockwork-spider,skillTree,Build a steam-powered mechanical horse
RECP-20260207-MNT-0012,craft-gyrocopter,Craft Gyrocopter,gyrocopter,1,4,mount,mechanical,workshop,180,10000,88,40,Engineer,mithril-ingot,10,precision-gear,6,spring,12,lens,3,,,craft-steam-airship,skillTree,Build a basic flying gyrocopter

# MOUNT RECIPES (MYSTIC)
RECP-20260207-MNT-0021,craft-floating-disc,Craft Floating Disc,floating-disc,1,2,mount,magical,enchanting-table,60,1500,100,15,Mystic,wool-cloth,5,lesser-essence,3,flawed-gem,2,,,,,craft-magic-carpet,skillTree,Enchant a floating disc
RECP-20260207-MNT-0022,craft-magic-carpet,Craft Magic Carpet,magic-carpet,1,3,mount,magical,enchanting-table,90,4000,95,25,Mystic,cotton-cloth,8,greater-essence,4,standard-gem,2,,,,,craft-cloud-mount,skillTree,Enchant a flying magic carpet

# COMPONENT RECIPES (ENGINEER)
RECP-20260207-CMP-0001,craft-gunpowder,Craft Gunpowder,gunpowder,5,3,component,explosive,workshop,10,200,100,20,Engineer,coal,5,sulfur,3,saltpeter,2,,,,,craft-explosive,skillTree,Mix explosive gunpowder
RECP-20260207-CMP-0002,craft-string,Craft String,string,3,1,component,crafting,workbench,3,25,100,1,Forester,plant-fiber,3,,,,,,,,,craft-bowstring,skillTree,Twist plant fibers into string
RECP-20260207-CMP-0003,craft-bowstring,Craft Bowstring,bowstring,1,2,component,crafting,workbench,5,75,100,10,Forester,string,2,rawhide,1,,,,,,,None,skillTree,Reinforce string into a bowstring
RECP-20260207-CMP-0004,craft-steel-gear,Craft Steel Gear,steel-gear,1,3,component,mechanical,workshop,8,150,100,20,Engineer,steel-ingot,2,coal,1,,,,,,,craft-precision-gear,skillTree,Forge a steel gear
RECP-20260207-CMP-0005,craft-precision-gear,Craft Precision Gear,precision-gear,1,4,component,mechanical,workshop,12,300,95,35,Engineer,mithril-ingot,2,steel-gear,1,lens,1,,,,,craft-clockwork-core,skillTree,Craft a precision gear
RECP-20260207-CMP-0006,craft-spring,Craft Spring,spring,2,2,component,mechanical,workshop,5,100,100,15,Engineer,iron-ingot,1,,,,,,,,,craft-steel-gear,skillTree,Coil metal into a spring
RECP-20260207-CMP-0007,craft-lens,Craft Lens,lens,1,3,component,optical,workshop,8,200,95,25,Engineer,standard-gem,1,fine-sand,2,,,,,,,craft-precision-lens,skillTree,Grind glass into a lens
RECP-20260207-CMP-0008,craft-circuit,Craft Circuit,circuit,1,4,component,electrical,workshop,15,400,90,40,Engineer,copper-ingot,2,mithril-ingot,1,precision-gear,1,,,,,craft-advanced-circuit,skillTree,Assemble an electrical circuit
